<?xml version="1.0" encoding="UTF-8"?>
<!--
  Licensed to the Apache Software Foundation (ASF) under one or more
  contributor license agreements.  See the NOTICE file distributed with
  this work for additional information regarding copyright ownership.
  The ASF licenses this file to You under the Apache License, Version 2.0
  (the "License"); you may not use this file except in compliance with
  the License.  You may obtain a copy of the License at

      http://www.apache.org/licenses/LICENSE-2.0

  Unless required by applicable law or agreed to in writing, software
  distributed under the License is distributed on an "AS IS" BASIS,
  WITHOUT WARRANTIES OR CONDITIONS OF ANY KIND, either express or implied.
  See the License for the specific language governing permissions and
  limitations under the License.
-->
<!-- 
	This is intended to be a simple build file, created a suggestion for the necessary steps need to utilize the FlexUnit4 Ant task.
	For the most detail when running this build, call "ant -v clean package".  The build uses a simple lifecycle of: 
	
	init->compile->test->package
	
	The end goal is to produce a zip of a website you could deploy for your application.  This build is not intended to be an example
	for how to use Ant or the Flex SDK Ant tasks.  This is just one possible way to utilize the FlexUnit4 Ant task. 
 -->
<project name="FlexUnit4SampleProject" basedir="." default="package">
	<!-- setup a prefix for all environment variables -->
	<property environment="env" />
	
	<!-- Setup paths for build -->
	<property name="main.src.loc" location="${basedir}/src/main/flex" />
	<property name="test.src.loc" location="${basedir}/src/test/flex" />
	<property name="lib.loc" location="${basedir}/libs" />
	<property name="output.loc" location="${basedir}/target" />
	<property name="bin.loc" location="${output.loc}/bin" />
	<property name="report.loc" location="${output.loc}/report" />
	<property name="dist.loc" location="${output.loc}/dist" />

	<!-- Setup Flex and FlexUnit ant tasks -->
	<!-- You can set this directly so mxmlc will work correctly, or set FLEX_HOME as an environment variable and use as below -->
	<property name="FLEX_HOME" location="${env.FLEX_HOME}" />
	<taskdef resource="flexTasks.tasks" classpath="${FLEX_HOME}/ant/lib/flexTasks.jar" />
	<taskdef resource="flexUnitTasks.tasks">
	   <classpath>
	      <fileset dir="${lib.loc}">
	         <include name="flexUnitTasks*.jar" />
	      </fileset>
	   </classpath>
	</taskdef>

	<target name="clean">
		<!-- Remove all directories created during the build process -->
		<delete dir="${output.loc}" />
	</target>

	<target name="init">
		<!-- Create directories needed for the build process -->
		<mkdir dir="${output.loc}" />
		<mkdir dir="${bin.loc}" />
		<mkdir dir="${report.loc}" />
		<mkdir dir="${dist.loc}" />
	</target>

	<target name="compile" depends="init">
		<!-- Compile Main.mxml as a SWF -->
		<mxmlc file="${main.src.loc}/Main.mxml" output="${bin.loc}/Main.swf">
			<library-path dir="${lib.loc}" append="true">
				<include name="*.swc" />
			</library-path>
			<compiler.verbose-stacktraces>true</compiler.verbose-stacktraces>
			<compiler.headless-server>true</compiler.headless-server>
		</mxmlc>
	</target>

	<target name="test" depends="compile">
		<!-- Execute TestRunner.swf as FlexUnit tests and publish reports -->
		<flexunit 
		    workingDir="${bin.loc}"
		    toDir="${report.loc}" 
			haltonfailure="false" 
			verbose="true" 
			localTrusted="true"
			command="/Applications/Safari.app/Contents/MacOS/Safari">
	      <source dir="${main.src.loc}" />
	      <testSource dir="${test.src.loc}">
	         <include name="**/*Test.as" />
	      </testSource>
	      <library dir="${lib.loc}" />
	   </flexunit>

		<!-- Generate readable JUnit-style reports -->
		<junitreport todir="${report.loc}">
			<fileset dir="${report.loc}">
				<include name="TEST-*.xml" />
			</fileset>
			<report format="frames" todir="${report.loc}/html" />
		</junitreport>
	</target>
	
	<target name="package" depends="test">
		<!-- Assemble final website -->
		<copy file="${bin.loc}/Main.swf" todir="${dist.loc}" />
		<html-wrapper swf="Main" output="${dist.loc}" height="100%" width="100%" />

		<!-- Zip up final website -->
		<zip destfile="${output.loc}/${ant.project.name}.zip">
			<fileset dir="${dist.loc}" />
		</zip>
	</target>
</project>